user_id,name,age,gender,education,skills,experience,preferred_job_type,region,language,interests
1,Austin,26,M,ITI,electrical,1 years,Operator,Maharashtra,Telugu,Internship
2,David,27,M,Diploma,maintenance,0 years,Government,Uttar Pradesh,Hindi,Private job
3,Robert,31,F,Bachelor,mechanics,4 years,Operator,Maharashtra,Telugu,Government job
4,Charles,22,M,Diploma,"mechanics, electrical",3 years,Government,Maharashtra,Tamil,Government job
5,Melanie,26,M,Diploma,plumbing,1 years,Technician,Kerala,English,Private job
6,Michael,18,F,High School,mechanics,2 years,Government,Kerala,English,Private job
7,George,35,M,Master,maintenance,0 years,Technician,Kerala,Tamil,Government job
8,Mike,35,F,High School,"computer, plumbing",2 years,Clerk,Bihar,Telugu,Training
9,Jason,25,M,High School,computer,3 years,Private,Kerala,Malayalam,Private job
10,Tyler,18,M,Bachelor,"electrical, maintenance",2 years,Clerk,Bihar,Telugu,Internship
11,Michael,26,F,Master,"wiring, maintenance",4 years,Government,Maharashtra,Telugu,Internship
12,John,20,M,ITI,"mechanics, computer, plumbing",4 years,Operator,Kerala,Tamil,Internship
13,Jason,23,F,High School,"accounting, electrical, maintenance",4 years,Private,Uttar Pradesh,Telugu,Government job
14,Andre,20,F,Diploma,wiring,2 years,Operator,Kerala,English,Training
15,Rachel,18,M,Bachelor,"plumbing, mechanics, maintenance",1 years,Private,Uttar Pradesh,Telugu,Government job
16,Juan,32,F,High School,"maintenance, accounting, electrical",5 years,Operator,Uttar Pradesh,Malayalam,Internship
17,Max,34,M,Master,"maintenance, plumbing",4 years,Government,Bihar,English,Internship
18,Yolanda,23,M,Master,"wiring, computer, maintenance",5 years,Operator,Maharashtra,Malayalam,Internship
19,Veronica,23,M,ITI,mechanics,3 years,Private,Kerala,English,Internship
20,Stacey,24,M,Master,"electrical, accounting",2 years,Operator,Bihar,Telugu,Training
21,Abigail,18,F,Master,"maintenance, mechanics",5 years,Government,Uttar Pradesh,English,Private job
22,Stacy,21,M,Diploma,accounting,0 years,Technician,Kerala,Telugu,Private job
23,Alfred,27,F,High School,wiring,4 years,Operator,Maharashtra,English,Internship
24,Kristopher,18,F,Master,"computer, wiring",2 years,Operator,Maharashtra,Telugu,Training
25,Victor,27,F,Bachelor,"maintenance, mechanics",5 years,Private,Bihar,Telugu,Government job
26,John,31,F,ITI,"mechanics, accounting, electrical",1 years,Technician,Maharashtra,Hindi,Private job
27,Stephanie,22,M,Master,"accounting, wiring",4 years,Private,Uttar Pradesh,English,Government job
28,Erika,29,F,ITI,"computer, mechanics",4 years,Clerk,Bihar,English,Government job
29,Andrew,26,M,High School,"plumbing, accounting, wiring",5 years,Private,Bihar,Hindi,Government job
30,Joseph,24,M,High School,mechanics,3 years,Technician,Kerala,Malayalam,Private job
31,John,22,F,Bachelor,"plumbing, maintenance",0 years,Government,Bihar,Malayalam,Government job
32,Deborah,22,F,Bachelor,"maintenance, plumbing, electrical",4 years,Clerk,Kerala,Hindi,Private job
33,Diana,32,M,High School,"mechanics, accounting",5 years,Government,Maharashtra,Telugu,Private job
34,Steven,18,M,Bachelor,"wiring, accounting",3 years,Government,Kerala,Malayalam,Private job
35,David,22,M,ITI,"accounting, electrical, mechanics",5 years,Operator,Bihar,Hindi,Internship
36,Tammy,24,M,Diploma,plumbing,0 years,Clerk,Tamil Nadu,Malayalam,Internship
37,Jeffrey,30,F,High School,"wiring, mechanics, computer",5 years,Clerk,Bihar,Tamil,Training
38,Robert,18,M,High School,mechanics,1 years,Private,Maharashtra,Hindi,Internship
39,Eric,27,F,Bachelor,"accounting, plumbing",0 years,Clerk,Kerala,Tamil,Private job
40,Amanda,20,F,Master,"plumbing, wiring, accounting",0 years,Government,Uttar Pradesh,English,Private job
41,Cheryl,28,F,ITI,"plumbing, wiring",2 years,Clerk,Maharashtra,Malayalam,Private job
42,Timothy,22,F,Diploma,computer,0 years,Technician,Kerala,Malayalam,Private job
43,Daniel,27,F,Diploma,"mechanics, electrical, computer",1 years,Technician,Bihar,Malayalam,Government job
44,Matthew,32,F,Master,maintenance,5 years,Clerk,Bihar,English,Internship
45,Maria,34,M,Master,computer,1 years,Private,Tamil Nadu,Hindi,Government job
46,Johnny,22,F,High School,accounting,3 years,Government,Bihar,Malayalam,Internship
47,Stacey,20,M,Diploma,"electrical, plumbing",3 years,Operator,Maharashtra,English,Internship
48,Thomas,26,M,High School,"electrical, accounting",2 years,Private,Maharashtra,Telugu,Internship
49,Jeffrey,32,M,Master,"accounting, maintenance, wiring",0 years,Clerk,Bihar,Telugu,Internship
50,Brenda,34,M,Master,wiring,0 years,Private,Tamil Nadu,Tamil,Training
51,Chelsea,34,M,Master,accounting,3 years,Technician,Uttar Pradesh,English,Internship
52,Anita,22,M,High School,"accounting, mechanics",0 years,Government,Kerala,English,Training
53,Aaron,31,F,High School,"mechanics, accounting",3 years,Operator,Tamil Nadu,Hindi,Training
54,Caroline,28,F,Master,electrical,4 years,Technician,Kerala,Malayalam,Private job
55,Shannon,19,M,Diploma,"wiring, electrical, maintenance",1 years,Operator,Tamil Nadu,English,Private job
56,Shawn,18,M,Bachelor,maintenance,4 years,Operator,Tamil Nadu,Tamil,Training
57,Lance,24,F,Master,accounting,4 years,Operator,Tamil Nadu,English,Training
58,David,28,F,ITI,maintenance,0 years,Government,Tamil Nadu,Tamil,Internship
59,Eric,26,F,Master,"accounting, maintenance, electrical",1 years,Operator,Maharashtra,English,Private job
60,Michael,22,F,Bachelor,wiring,2 years,Operator,Uttar Pradesh,Tamil,Private job
61,Cole,23,M,Bachelor,accounting,1 years,Technician,Kerala,English,Internship
62,Julie,26,M,Bachelor,electrical,3 years,Clerk,Tamil Nadu,Hindi,Government job
63,Reginald,28,F,Master,plumbing,3 years,Government,Bihar,Hindi,Internship
64,Reginald,31,M,Diploma,maintenance,4 years,Operator,Bihar,Hindi,Government job
65,Joseph,19,M,Master,"computer, wiring, plumbing",0 years,Clerk,Bihar,Tamil,Private job
66,Brent,35,F,Diploma,"computer, wiring, plumbing",1 years,Clerk,Kerala,Tamil,Training
67,Jonathan,34,M,ITI,"maintenance, mechanics",2 years,Technician,Bihar,Hindi,Private job
68,Bonnie,27,F,Master,electrical,3 years,Private,Tamil Nadu,English,Private job
69,Eric,29,F,Diploma,maintenance,3 years,Clerk,Maharashtra,Malayalam,Training
70,Paul,31,M,ITI,"electrical, mechanics",0 years,Government,Maharashtra,Telugu,Internship
71,Heather,26,F,Master,"mechanics, accounting",0 years,Private,Maharashtra,Malayalam,Private job
72,Bonnie,33,M,ITI,"mechanics, accounting, electrical",2 years,Technician,Bihar,Hindi,Government job
73,Brandon,18,M,ITI,electrical,5 years,Operator,Bihar,English,Training
74,Joseph,31,F,Master,wiring,1 years,Operator,Tamil Nadu,Hindi,Training
75,Sarah,32,M,Bachelor,"maintenance, mechanics",3 years,Private,Maharashtra,Malayalam,Private job
76,Kevin,23,F,Bachelor,"maintenance, wiring",0 years,Operator,Kerala,Malayalam,Internship
77,Joseph,32,M,Diploma,"electrical, accounting",2 years,Clerk,Kerala,Hindi,Government job
78,Paula,29,F,ITI,"mechanics, plumbing, accounting",0 years,Technician,Bihar,Tamil,Training
79,Thomas,28,F,ITI,"wiring, computer",3 years,Clerk,Tamil Nadu,Tamil,Government job
80,Ralph,23,M,High School,"plumbing, accounting",5 years,Private,Uttar Pradesh,Malayalam,Internship
81,Courtney,34,M,Diploma,"wiring, maintenance",4 years,Operator,Bihar,English,Private job
82,Ashley,32,M,Bachelor,"computer, mechanics, wiring",1 years,Technician,Uttar Pradesh,Hindi,Private job
83,Stacie,34,F,High School,"computer, plumbing, maintenance",2 years,Private,Bihar,English,Private job
84,Daniel,34,M,High School,"mechanics, maintenance",1 years,Operator,Kerala,Malayalam,Internship
85,Kenneth,23,M,High School,plumbing,4 years,Government,Uttar Pradesh,Malayalam,Private job
86,Kelly,29,F,Diploma,"electrical, maintenance",3 years,Clerk,Maharashtra,Telugu,Internship
87,Phillip,25,F,Diploma,mechanics,0 years,Operator,Tamil Nadu,English,Government job
88,Willie,32,F,Bachelor,"electrical, wiring, maintenance",4 years,Private,Uttar Pradesh,Tamil,Government job
89,Benjamin,31,F,ITI,"plumbing, wiring",2 years,Technician,Maharashtra,Hindi,Private job
90,Daniel,34,F,High School,"wiring, computer, electrical",2 years,Government,Uttar Pradesh,Hindi,Private job
91,Scott,32,F,ITI,"computer, electrical, maintenance",4 years,Clerk,Maharashtra,Malayalam,Private job
92,Tamara,26,F,High School,"plumbing, electrical",3 years,Technician,Bihar,English,Private job
93,Wayne,19,F,High School,maintenance,1 years,Technician,Uttar Pradesh,Tamil,Government job
94,Heidi,33,F,Master,"mechanics, plumbing",5 years,Clerk,Bihar,Telugu,Government job
95,Ashley,23,M,Diploma,"wiring, electrical, computer",1 years,Operator,Uttar Pradesh,Malayalam,Private job
96,Patty,23,F,Diploma,electrical,1 years,Clerk,Tamil Nadu,Hindi,Internship
97,Jennifer,22,F,ITI,computer,3 years,Government,Tamil Nadu,English,Internship
98,Molly,29,F,Diploma,wiring,5 years,Clerk,Kerala,Telugu,Government job
99,Isaiah,23,F,High School,"electrical, plumbing",4 years,Technician,Bihar,Tamil,Government job
100,Elizabeth,27,F,Master,wiring,3 years,Private,Tamil Nadu,Tamil,Private job
101,Stacey,23,M,High School,mechanics,5 years,Technician,Bihar,Telugu,Training
102,Jody,28,M,Diploma,mechanics,0 years,Technician,Kerala,Malayalam,Internship
103,Michelle,29,M,Bachelor,"accounting, computer",3 years,Operator,Maharashtra,Tamil,Training
104,Billy,32,F,ITI,"electrical, accounting, computer",4 years,Private,Kerala,Telugu,Internship
105,Nicholas,19,F,High School,"maintenance, mechanics",5 years,Private,Maharashtra,Malayalam,Training
106,Bill,22,M,High School,"mechanics, plumbing, wiring",2 years,Operator,Kerala,Malayalam,Internship
107,Michele,33,M,Master,"computer, electrical, mechanics",3 years,Technician,Bihar,Malayalam,Government job
108,Amy,31,M,Master,"mechanics, wiring, computer",2 years,Government,Kerala,Hindi,Internship
109,Adrian,26,F,Bachelor,"accounting, wiring",4 years,Technician,Kerala,Telugu,Private job
110,Mark,18,F,ITI,"accounting, mechanics",4 years,Private,Kerala,English,Internship
111,Bobby,24,F,ITI,"accounting, computer, maintenance",1 years,Clerk,Uttar Pradesh,Tamil,Internship
112,Patrick,33,F,Bachelor,"mechanics, electrical",2 years,Clerk,Tamil Nadu,English,Private job
113,Sarah,34,F,Bachelor,"accounting, computer, plumbing",1 years,Technician,Bihar,English,Government job
114,Jacob,35,F,Master,"computer, maintenance",5 years,Private,Maharashtra,Hindi,Private job
115,Daniel,27,M,Diploma,"plumbing, computer, wiring",3 years,Private,Bihar,Malayalam,Internship
116,Kevin,27,M,ITI,accounting,1 years,Government,Kerala,Tamil,Private job
117,Brittany,35,M,Master,"accounting, mechanics",5 years,Private,Maharashtra,Hindi,Internship
118,Adriana,29,M,High School,"plumbing, computer, maintenance",5 years,Government,Kerala,English,Government job
119,Richard,18,M,Bachelor,"mechanics, maintenance",5 years,Operator,Tamil Nadu,Malayalam,Training
120,Jennifer,18,M,Bachelor,"mechanics, maintenance",4 years,Government,Uttar Pradesh,Telugu,Training
121,Daniel,20,M,ITI,"computer, mechanics",0 years,Operator,Maharashtra,Telugu,Internship
122,Andrea,34,F,ITI,accounting,2 years,Clerk,Tamil Nadu,Malayalam,Private job
123,Gregory,22,M,Master,"maintenance, computer",5 years,Clerk,Bihar,Hindi,Internship
124,Madison,26,M,Bachelor,"mechanics, wiring",1 years,Government,Maharashtra,Malayalam,Training
125,Eric,30,F,High School,"maintenance, computer, plumbing",3 years,Government,Tamil Nadu,Malayalam,Government job
126,Patrick,32,F,Bachelor,plumbing,1 years,Clerk,Bihar,Telugu,Internship
127,Charles,32,F,ITI,"maintenance, accounting",2 years,Operator,Tamil Nadu,Tamil,Internship
128,Jason,32,M,Master,"wiring, electrical, accounting",4 years,Private,Kerala,Telugu,Internship
129,Betty,25,M,Bachelor,"electrical, plumbing",0 years,Private,Uttar Pradesh,Malayalam,Government job
130,John,23,F,High School,mechanics,1 years,Government,Uttar Pradesh,Telugu,Private job
131,Chad,29,F,Bachelor,"mechanics, maintenance, computer",1 years,Government,Uttar Pradesh,Malayalam,Private job
132,Regina,25,M,Diploma,electrical,5 years,Technician,Bihar,English,Training
133,Michael,27,F,ITI,"plumbing, mechanics, wiring",4 years,Private,Maharashtra,Tamil,Private job
134,Kelly,31,F,ITI,"accounting, computer",3 years,Technician,Bihar,Tamil,Government job
135,Thomas,34,M,Master,plumbing,4 years,Technician,Maharashtra,Hindi,Training
136,Haley,34,M,Master,"electrical, wiring",5 years,Operator,Maharashtra,Tamil,Government job
137,Richard,34,F,Diploma,"accounting, computer",2 years,Operator,Tamil Nadu,Malayalam,Training
138,Shannon,30,F,High School,"computer, electrical, wiring",1 years,Technician,Bihar,Telugu,Private job
139,Brenda,30,F,Diploma,"mechanics, computer",3 years,Government,Uttar Pradesh,Hindi,Private job
140,Suzanne,32,F,Master,"accounting, maintenance, computer",5 years,Technician,Kerala,Telugu,Private job
141,Ashley,20,F,Bachelor,"computer, plumbing, electrical",3 years,Government,Maharashtra,Malayalam,Government job
142,James,28,M,Bachelor,"mechanics, electrical, computer",4 years,Clerk,Bihar,Hindi,Private job
143,Jared,29,M,Bachelor,"computer, plumbing, wiring",0 years,Private,Kerala,Malayalam,Private job
144,Patricia,24,M,Master,"maintenance, plumbing, mechanics",1 years,Government,Tamil Nadu,English,Government job
145,Stephanie,27,M,Bachelor,"computer, electrical",0 years,Private,Uttar Pradesh,Malayalam,Training
146,Kristina,28,M,Diploma,"wiring, computer, mechanics",0 years,Operator,Tamil Nadu,Telugu,Government job
147,Beverly,25,M,Bachelor,"computer, accounting, mechanics",4 years,Clerk,Uttar Pradesh,English,Internship
148,Tracy,19,M,High School,accounting,4 years,Technician,Kerala,Telugu,Government job
149,Wendy,24,M,ITI,"computer, plumbing",3 years,Private,Uttar Pradesh,English,Private job
150,Maxwell,35,F,High School,"accounting, wiring",3 years,Technician,Uttar Pradesh,Malayalam,Internship
151,Kathleen,21,F,High School,wiring,3 years,Private,Tamil Nadu,English,Private job
152,Michael,24,F,Master,plumbing,0 years,Government,Maharashtra,Telugu,Private job
153,Jessica,28,M,Master,"computer, plumbing, electrical",0 years,Private,Uttar Pradesh,Hindi,Training
154,Randy,35,M,High School,mechanics,4 years,Operator,Uttar Pradesh,English,Training
155,Marissa,30,M,Bachelor,"electrical, wiring",1 years,Technician,Kerala,English,Training
156,Christopher,18,F,Diploma,"wiring, plumbing",5 years,Government,Bihar,Telugu,Internship
157,Amanda,35,M,ITI,computer,0 years,Clerk,Maharashtra,Malayalam,Government job
158,Michael,23,M,High School,"maintenance, accounting",0 years,Technician,Bihar,English,Government job
159,Ivan,21,F,ITI,maintenance,2 years,Private,Tamil Nadu,Tamil,Private job
160,Christopher,30,F,High School,"maintenance, wiring",1 years,Operator,Maharashtra,English,Internship
161,Regina,35,F,Master,"maintenance, plumbing, computer",4 years,Private,Uttar Pradesh,English,Government job
162,Adam,24,M,ITI,"plumbing, wiring",4 years,Private,Tamil Nadu,English,Private job
163,Karen,30,F,High School,"accounting, mechanics, computer",2 years,Private,Tamil Nadu,Malayalam,Private job
164,Peter,30,M,High School,"computer, accounting",2 years,Operator,Kerala,English,Government job
165,Nicholas,27,M,ITI,"maintenance, plumbing",4 years,Private,Uttar Pradesh,Malayalam,Private job
166,Teresa,18,M,Bachelor,accounting,5 years,Technician,Maharashtra,Telugu,Internship
167,Kelli,23,F,Master,computer,4 years,Private,Uttar Pradesh,Malayalam,Government job
168,Justin,19,F,High School,"maintenance, wiring, computer",2 years,Operator,Bihar,English,Internship
169,Maria,20,M,Master,"electrical, maintenance, wiring",2 years,Technician,Tamil Nadu,English,Internship
170,Brian,31,F,Master,maintenance,4 years,Government,Tamil Nadu,Telugu,Government job
171,Benjamin,31,F,Bachelor,mechanics,1 years,Private,Tamil Nadu,English,Private job
172,Kelly,34,M,High School,"maintenance, computer",5 years,Government,Bihar,Telugu,Internship
173,Colleen,33,M,ITI,"plumbing, electrical, wiring",2 years,Operator,Kerala,Malayalam,Training
174,Krystal,31,F,Master,"electrical, wiring",4 years,Clerk,Bihar,English,Internship
175,Andrew,27,M,ITI,"computer, wiring",1 years,Operator,Kerala,Telugu,Internship
176,Holly,35,M,Master,"wiring, mechanics, plumbing",5 years,Operator,Maharashtra,Tamil,Government job
177,Kevin,34,F,Diploma,mechanics,2 years,Technician,Uttar Pradesh,Tamil,Government job
178,Jason,19,F,Bachelor,"maintenance, wiring",2 years,Technician,Uttar Pradesh,Tamil,Training
179,Jessica,29,M,Diploma,maintenance,1 years,Clerk,Maharashtra,Malayalam,Private job
180,Mary,18,F,High School,maintenance,2 years,Private,Kerala,Telugu,Government job
181,Karen,21,F,Master,"plumbing, electrical",2 years,Technician,Maharashtra,English,Private job
182,Katherine,26,M,High School,"maintenance, mechanics, accounting",3 years,Operator,Uttar Pradesh,Hindi,Private job
183,Justin,22,M,Diploma,"electrical, accounting",3 years,Government,Bihar,English,Government job
184,Mitchell,19,M,High School,"electrical, mechanics",3 years,Private,Tamil Nadu,English,Private job
185,Abigail,24,M,ITI,"computer, accounting, wiring",1 years,Government,Bihar,English,Private job
186,Alyssa,21,M,ITI,wiring,1 years,Government,Uttar Pradesh,Malayalam,Private job
187,Jennifer,25,F,High School,plumbing,0 years,Operator,Tamil Nadu,Malayalam,Internship
188,Dorothy,33,M,High School,"plumbing, accounting",5 years,Technician,Bihar,Malayalam,Private job
189,Amy,20,F,High School,maintenance,0 years,Operator,Bihar,Tamil,Private job
190,Roger,24,M,Bachelor,"accounting, computer",2 years,Government,Uttar Pradesh,Malayalam,Training
191,Joseph,29,F,Bachelor,"computer, accounting",0 years,Clerk,Tamil Nadu,Hindi,Private job
192,Jerry,20,F,Diploma,"accounting, plumbing",2 years,Clerk,Tamil Nadu,Malayalam,Internship
193,Morgan,31,M,ITI,computer,3 years,Government,Uttar Pradesh,English,Internship
194,Cynthia,23,F,Master,"computer, wiring, electrical",3 years,Clerk,Kerala,Hindi,Internship
195,Travis,33,F,Bachelor,"wiring, computer",1 years,Operator,Uttar Pradesh,Malayalam,Government job
196,Katie,19,M,Bachelor,accounting,4 years,Private,Uttar Pradesh,Tamil,Government job
197,Rebecca,22,F,Bachelor,wiring,1 years,Technician,Tamil Nadu,Tamil,Training
198,Thomas,29,F,Bachelor,"plumbing, electrical",4 years,Clerk,Tamil Nadu,Tamil,Internship
199,Alicia,20,F,ITI,"accounting, computer",2 years,Government,Tamil Nadu,Tamil,Training
200,Elizabeth,29,M,Master,maintenance,1 years,Government,Kerala,Telugu,Government job
201,Jennifer,34,M,Bachelor,"wiring, accounting",4 years,Technician,Uttar Pradesh,Tamil,Internship
202,Brian,34,M,ITI,mechanics,3 years,Clerk,Bihar,Telugu,Government job
203,Joseph,25,M,Master,"electrical, accounting",1 years,Clerk,Bihar,Hindi,Government job
204,Sandra,27,F,Bachelor,maintenance,0 years,Technician,Maharashtra,English,Training
205,Katie,29,M,High School,"computer, plumbing, wiring",1 years,Clerk,Uttar Pradesh,Hindi,Internship
206,Samantha,31,F,High School,maintenance,5 years,Operator,Tamil Nadu,Telugu,Training
207,Stacey,25,M,ITI,maintenance,1 years,Private,Tamil Nadu,English,Training
208,Courtney,32,M,Bachelor,"mechanics, maintenance",1 years,Clerk,Kerala,Telugu,Private job
209,Trevor,35,F,Master,"mechanics, electrical, plumbing",2 years,Clerk,Kerala,Malayalam,Private job
210,Gregory,30,F,ITI,"computer, maintenance",5 years,Clerk,Maharashtra,Tamil,Government job
211,Anthony,23,F,Master,"mechanics, computer, plumbing",1 years,Government,Maharashtra,Malayalam,Private job
212,William,21,M,Bachelor,mechanics,0 years,Technician,Uttar Pradesh,Hindi,Private job
213,Michael,22,M,High School,mechanics,4 years,Government,Maharashtra,Telugu,Internship
214,Melissa,20,M,High School,"plumbing, computer, electrical",1 years,Operator,Maharashtra,Telugu,Private job
215,Alison,24,M,Bachelor,"wiring, maintenance",2 years,Private,Tamil Nadu,English,Government job
216,Erin,28,F,High School,computer,3 years,Technician,Uttar Pradesh,Hindi,Training
217,Katie,24,M,Bachelor,accounting,4 years,Clerk,Maharashtra,Hindi,Government job
218,Daniel,20,F,Master,electrical,1 years,Government,Maharashtra,English,Government job
219,Mary,34,F,Master,accounting,3 years,Government,Uttar Pradesh,Hindi,Internship
220,Cynthia,29,M,ITI,"plumbing, maintenance, electrical",3 years,Government,Maharashtra,Telugu,Private job
221,Anthony,20,F,Diploma,"mechanics, electrical",1 years,Private,Maharashtra,English,Internship
222,Natalie,19,M,ITI,"computer, electrical, accounting",1 years,Clerk,Tamil Nadu,Tamil,Government job
223,Mathew,33,F,High School,"plumbing, mechanics, electrical",1 years,Private,Tamil Nadu,Tamil,Internship
224,James,34,M,Bachelor,"accounting, wiring",5 years,Clerk,Tamil Nadu,Telugu,Internship
225,Eric,24,F,Bachelor,mechanics,1 years,Operator,Maharashtra,Hindi,Government job
226,Manuel,23,M,High School,"accounting, plumbing",1 years,Clerk,Bihar,Tamil,Internship
227,Dana,35,F,Master,maintenance,2 years,Operator,Uttar Pradesh,Tamil,Internship
228,Jennifer,22,F,ITI,"computer, maintenance",1 years,Operator,Tamil Nadu,Telugu,Internship
229,Todd,27,M,Diploma,"maintenance, electrical",1 years,Operator,Maharashtra,Tamil,Private job
230,Seth,27,M,Diploma,computer,3 years,Operator,Tamil Nadu,Malayalam,Private job
231,Michelle,34,F,Bachelor,maintenance,1 years,Government,Kerala,Hindi,Internship
232,Mary,35,F,Master,"plumbing, electrical, maintenance",3 years,Operator,Uttar Pradesh,Hindi,Training
233,Mark,21,F,Diploma,plumbing,5 years,Private,Uttar Pradesh,Malayalam,Government job
234,Nicole,19,M,Diploma,"plumbing, accounting, maintenance",1 years,Clerk,Bihar,Tamil,Private job
235,John,21,M,Bachelor,"mechanics, maintenance, plumbing",0 years,Clerk,Uttar Pradesh,Tamil,Internship
236,Gary,19,F,Master,"mechanics, computer, electrical",0 years,Technician,Bihar,Hindi,Training
237,Ronnie,35,F,ITI,"computer, electrical, wiring",3 years,Private,Uttar Pradesh,Hindi,Training
238,Stephen,18,M,Master,wiring,0 years,Technician,Tamil Nadu,Telugu,Government job
239,Nina,20,M,High School,maintenance,1 years,Private,Bihar,Malayalam,Training
240,Erica,22,F,High School,"maintenance, wiring, mechanics",4 years,Private,Uttar Pradesh,Tamil,Government job
241,Darlene,25,M,ITI,"mechanics, plumbing",0 years,Operator,Tamil Nadu,Malayalam,Private job
242,Nicholas,19,F,Diploma,computer,2 years,Operator,Kerala,Hindi,Training
243,Linda,32,F,High School,"maintenance, computer, wiring",5 years,Private,Uttar Pradesh,English,Government job
244,Samuel,19,F,Master,"electrical, wiring, mechanics",5 years,Operator,Bihar,Telugu,Private job
245,Rebecca,32,F,Diploma,"wiring, plumbing",1 years,Private,Maharashtra,Malayalam,Internship
246,Michael,18,F,Bachelor,"maintenance, wiring, plumbing",5 years,Operator,Maharashtra,Malayalam,Government job
247,Jennifer,22,F,High School,wiring,1 years,Operator,Kerala,Hindi,Internship
248,Pamela,20,M,High School,"computer, plumbing, accounting",2 years,Technician,Kerala,Hindi,Training
249,Michael,24,M,Bachelor,"accounting, maintenance, computer",1 years,Technician,Tamil Nadu,Tamil,Private job
250,Kevin,21,M,High School,computer,3 years,Government,Kerala,Tamil,Internship
251,Angela,23,F,Bachelor,"maintenance, electrical",2 years,Technician,Maharashtra,Malayalam,Private job
252,Jimmy,29,F,High School,"maintenance, electrical",2 years,Operator,Tamil Nadu,Tamil,Government job
253,Jeremy,21,F,High School,"plumbing, maintenance, mechanics",0 years,Operator,Kerala,English,Private job
254,Danny,29,F,Bachelor,wiring,0 years,Clerk,Uttar Pradesh,Hindi,Training
255,Christopher,30,M,Diploma,wiring,5 years,Clerk,Uttar Pradesh,Telugu,Internship
256,Miranda,34,M,Master,wiring,3 years,Clerk,Maharashtra,Hindi,Training
257,Ashley,26,F,Master,plumbing,2 years,Government,Bihar,English,Private job
258,Samantha,23,M,Diploma,"mechanics, electrical",0 years,Clerk,Kerala,English,Internship
259,Brad,29,F,Diploma,"computer, accounting",1 years,Operator,Uttar Pradesh,Tamil,Training
260,Donald,35,F,Bachelor,"maintenance, mechanics, wiring",4 years,Private,Bihar,Hindi,Government job
261,Thomas,19,F,Bachelor,plumbing,0 years,Technician,Tamil Nadu,Telugu,Training
262,Joseph,29,F,Master,"accounting, wiring",5 years,Technician,Maharashtra,Tamil,Training
263,Lauren,31,F,ITI,"electrical, accounting, plumbing",4 years,Private,Tamil Nadu,Tamil,Government job
264,Tony,32,F,Bachelor,"wiring, accounting, computer",2 years,Government,Uttar Pradesh,Malayalam,Internship
265,Linda,31,M,High School,plumbing,1 years,Clerk,Kerala,Hindi,Government job
266,Alan,20,F,ITI,"accounting, maintenance, wiring",0 years,Private,Kerala,Telugu,Private job
267,Debra,24,M,Diploma,electrical,3 years,Technician,Maharashtra,Malayalam,Private job
268,Belinda,21,M,High School,computer,1 years,Government,Tamil Nadu,Malayalam,Internship
269,Lindsay,34,F,Diploma,"plumbing, wiring",5 years,Technician,Kerala,English,Training
270,Teresa,28,M,Bachelor,"accounting, computer",4 years,Clerk,Bihar,Malayalam,Internship
271,Travis,31,M,High School,accounting,3 years,Clerk,Tamil Nadu,Tamil,Government job
272,Eric,31,M,Diploma,"computer, maintenance, wiring",2 years,Operator,Maharashtra,Hindi,Private job
273,Savannah,33,F,Master,"wiring, plumbing, computer",1 years,Clerk,Kerala,Malayalam,Internship
274,Barry,18,F,Diploma,"computer, wiring, electrical",3 years,Private,Kerala,Malayalam,Private job
275,Valerie,29,M,High School,"plumbing, maintenance, accounting",4 years,Government,Maharashtra,Tamil,Training
276,Elizabeth,30,F,High School,computer,3 years,Clerk,Kerala,Tamil,Internship
277,Teresa,28,F,Bachelor,"maintenance, accounting, computer",5 years,Clerk,Uttar Pradesh,English,Government job
278,Mathew,23,M,Diploma,"accounting, plumbing",4 years,Private,Bihar,Tamil,Internship
279,Michelle,21,M,ITI,"mechanics, computer, accounting",3 years,Government,Maharashtra,English,Private job
280,Linda,35,M,ITI,"computer, accounting, mechanics",4 years,Operator,Kerala,Hindi,Training
281,Robert,27,M,ITI,electrical,4 years,Operator,Bihar,Tamil,Training
282,Sarah,24,M,Master,"wiring, maintenance, accounting",5 years,Technician,Bihar,Tamil,Internship
283,Taylor,28,M,Bachelor,"maintenance, electrical",3 years,Technician,Kerala,Malayalam,Internship
284,Jim,19,M,High School,plumbing,3 years,Operator,Maharashtra,Tamil,Government job
285,Frederick,24,F,Master,"plumbing, accounting, computer",2 years,Clerk,Bihar,Telugu,Internship
286,John,29,M,ITI,"computer, maintenance, wiring",4 years,Government,Tamil Nadu,Malayalam,Internship
287,Jeremy,33,F,Diploma,mechanics,5 years,Technician,Tamil Nadu,Malayalam,Internship
288,Theresa,26,M,Bachelor,"mechanics, plumbing",3 years,Private,Maharashtra,English,Government job
289,Elizabeth,19,F,Bachelor,"electrical, wiring",4 years,Clerk,Tamil Nadu,Malayalam,Private job
290,Vanessa,31,F,Master,"maintenance, computer, accounting",3 years,Government,Bihar,Telugu,Internship
291,William,19,M,Master,"mechanics, wiring, electrical",1 years,Clerk,Kerala,English,Training
292,Tiffany,19,M,Diploma,computer,1 years,Clerk,Tamil Nadu,Tamil,Government job
293,Matthew,27,F,High School,"computer, maintenance, wiring",5 years,Clerk,Bihar,Malayalam,Internship
294,Nicole,33,M,Bachelor,"maintenance, mechanics",2 years,Government,Tamil Nadu,Hindi,Training
295,Laura,24,M,High School,"accounting, wiring",3 years,Private,Kerala,English,Training
296,Carl,34,F,Diploma,"mechanics, plumbing, maintenance",3 years,Technician,Kerala,Telugu,Internship
297,Samuel,22,M,Diploma,"accounting, computer, electrical",4 years,Private,Kerala,Malayalam,Training
298,Michael,28,F,ITI,"plumbing, mechanics, accounting",1 years,Clerk,Kerala,Malayalam,Training
299,Cheryl,19,F,High School,accounting,4 years,Government,Uttar Pradesh,Tamil,Private job
300,Michelle,34,M,Diploma,"plumbing, mechanics",2 years,Clerk,Maharashtra,Tamil,Internship
301,Jeffrey,21,M,High School,"accounting, computer",3 years,Government,Uttar Pradesh,Malayalam,Government job
302,Teresa,29,M,Diploma,maintenance,1 years,Private,Kerala,Telugu,Government job
303,Anna,20,F,Diploma,"computer, wiring, maintenance",1 years,Technician,Bihar,English,Private job
304,Juan,24,M,Master,"plumbing, electrical, accounting",0 years,Government,Tamil Nadu,Tamil,Private job
305,Michael,28,F,Diploma,"maintenance, computer",1 years,Private,Uttar Pradesh,Hindi,Training
306,Matthew,29,F,Bachelor,plumbing,2 years,Operator,Uttar Pradesh,Hindi,Internship
307,Donald,24,F,Bachelor,"mechanics, maintenance, wiring",0 years,Private,Bihar,Tamil,Internship
308,Charles,33,M,High School,"plumbing, mechanics, wiring",2 years,Private,Maharashtra,Malayalam,Internship
309,Jason,31,F,High School,"plumbing, accounting",0 years,Clerk,Uttar Pradesh,Hindi,Government job
310,Daniel,29,F,High School,computer,4 years,Operator,Tamil Nadu,Malayalam,Internship
311,Linda,34,M,Master,"maintenance, mechanics, computer",0 years,Clerk,Maharashtra,Hindi,Private job
312,Stephanie,19,F,Diploma,"electrical, computer",3 years,Private,Kerala,Malayalam,Training
313,Rachel,23,F,Diploma,electrical,0 years,Private,Maharashtra,Telugu,Training
314,Sean,33,M,ITI,"wiring, accounting, computer",2 years,Private,Uttar Pradesh,Malayalam,Government job
315,Steven,24,M,High School,maintenance,2 years,Government,Uttar Pradesh,Tamil,Government job
316,James,27,F,Bachelor,"mechanics, plumbing, accounting",4 years,Operator,Bihar,Telugu,Government job
317,David,18,F,Master,accounting,2 years,Operator,Kerala,Hindi,Training
318,Greg,21,M,Bachelor,"computer, electrical",4 years,Clerk,Kerala,Hindi,Internship
319,Mary,32,M,Bachelor,"electrical, wiring, computer",3 years,Clerk,Tamil Nadu,Tamil,Training
320,Arthur,27,F,ITI,"computer, electrical",4 years,Private,Uttar Pradesh,Telugu,Private job
321,Brianna,18,M,Bachelor,"maintenance, mechanics",5 years,Government,Bihar,English,Internship
322,Annette,27,M,Bachelor,"plumbing, electrical, mechanics",1 years,Private,Maharashtra,Telugu,Internship
323,Richard,27,M,Diploma,"maintenance, mechanics",1 years,Private,Uttar Pradesh,Hindi,Training
324,Sarah,28,F,ITI,"electrical, accounting, mechanics",2 years,Technician,Tamil Nadu,English,Government job
325,Joshua,32,M,ITI,"computer, electrical",2 years,Private,Maharashtra,Malayalam,Training
326,Sandra,33,F,ITI,maintenance,2 years,Technician,Bihar,Tamil,Private job
327,Janice,24,M,Master,"plumbing, accounting, maintenance",0 years,Operator,Tamil Nadu,English,Government job
328,Cole,24,F,Bachelor,"accounting, electrical, wiring",5 years,Clerk,Uttar Pradesh,Malayalam,Training
329,Mario,27,F,ITI,plumbing,5 years,Technician,Maharashtra,Tamil,Training
330,Brooke,20,F,High School,electrical,5 years,Technician,Kerala,Telugu,Training
331,Kimberly,18,F,High School,"accounting, plumbing, wiring",5 years,Private,Tamil Nadu,English,Private job
332,Julia,35,F,Bachelor,computer,5 years,Technician,Tamil Nadu,Tamil,Private job
333,Dean,22,M,Master,plumbing,0 years,Operator,Uttar Pradesh,Tamil,Private job
334,Levi,28,M,Master,maintenance,0 years,Operator,Uttar Pradesh,Malayalam,Private job
335,Corey,28,M,ITI,mechanics,5 years,Clerk,Uttar Pradesh,Telugu,Government job
336,Joshua,18,M,Diploma,mechanics,1 years,Operator,Kerala,Hindi,Private job
337,Elizabeth,35,F,ITI,"electrical, wiring, plumbing",4 years,Clerk,Bihar,English,Training
338,Kim,35,M,Master,"computer, accounting",3 years,Private,Tamil Nadu,English,Private job
339,Robin,29,F,High School,"accounting, electrical",0 years,Technician,Uttar Pradesh,English,Private job
340,Cynthia,32,F,ITI,wiring,2 years,Private,Uttar Pradesh,Tamil,Internship
341,Samuel,25,F,Diploma,"mechanics, plumbing, accounting",2 years,Clerk,Maharashtra,Tamil,Internship
342,James,25,M,High School,plumbing,0 years,Operator,Bihar,Hindi,Government job
343,Jennifer,23,M,Master,"computer, wiring, electrical",4 years,Government,Bihar,Tamil,Training
344,Sylvia,27,F,Bachelor,accounting,0 years,Technician,Uttar Pradesh,Hindi,Internship
345,Sharon,22,F,ITI,electrical,1 years,Clerk,Bihar,Malayalam,Internship
346,Joseph,25,F,ITI,electrical,4 years,Clerk,Bihar,Tamil,Government job
347,Jacqueline,34,F,ITI,"plumbing, accounting, electrical",2 years,Technician,Bihar,Malayalam,Internship
348,David,20,F,Master,"computer, wiring, mechanics",3 years,Private,Maharashtra,Telugu,Internship
349,Charles,30,M,ITI,"accounting, electrical",5 years,Clerk,Tamil Nadu,Malayalam,Training
350,James,24,F,High School,"maintenance, plumbing",5 years,Private,Uttar Pradesh,Telugu,Training
351,Zachary,23,F,Diploma,accounting,2 years,Operator,Bihar,English,Private job
352,Anthony,30,M,ITI,"wiring, computer",5 years,Government,Uttar Pradesh,Hindi,Training
353,Shannon,28,M,Diploma,electrical,3 years,Government,Tamil Nadu,Malayalam,Government job
354,Christine,21,M,Diploma,accounting,0 years,Clerk,Tamil Nadu,Hindi,Government job
355,Larry,33,M,Bachelor,"plumbing, accounting, electrical",2 years,Private,Maharashtra,Tamil,Private job
356,Felicia,30,F,Bachelor,"mechanics, wiring",4 years,Private,Uttar Pradesh,English,Internship
357,Laura,20,F,Bachelor,"computer, maintenance",3 years,Clerk,Uttar Pradesh,Tamil,Private job
358,Robin,26,M,Bachelor,maintenance,2 years,Operator,Maharashtra,Tamil,Internship
359,Richard,35,M,ITI,"wiring, electrical",0 years,Clerk,Kerala,English,Government job
360,Claudia,26,F,Diploma,"electrical, mechanics",2 years,Private,Kerala,Malayalam,Internship
361,Kathy,26,M,Master,"accounting, maintenance",2 years,Clerk,Tamil Nadu,Telugu,Government job
362,William,32,M,Diploma,electrical,4 years,Operator,Bihar,Telugu,Training
363,Jack,33,F,Master,"maintenance, accounting",0 years,Private,Uttar Pradesh,English,Training
364,Dawn,31,M,ITI,plumbing,3 years,Government,Kerala,Malayalam,Government job
365,Megan,31,F,High School,"accounting, computer",5 years,Technician,Bihar,Tamil,Private job
366,Amy,31,F,Master,"mechanics, accounting",5 years,Government,Maharashtra,Tamil,Training
367,Eddie,34,M,Master,"wiring, mechanics",0 years,Operator,Maharashtra,Hindi,Internship
368,Ashley,24,F,High School,"maintenance, wiring",3 years,Private,Kerala,Tamil,Government job
369,Tracie,26,F,High School,"accounting, plumbing, mechanics",2 years,Operator,Kerala,English,Private job
370,Jennifer,19,F,Diploma,accounting,5 years,Clerk,Tamil Nadu,Malayalam,Government job
371,Michelle,32,M,Master,"wiring, mechanics",5 years,Clerk,Tamil Nadu,Hindi,Private job
372,James,23,M,ITI,"plumbing, electrical, maintenance",0 years,Clerk,Tamil Nadu,Malayalam,Training
373,Daniel,28,M,Master,accounting,5 years,Clerk,Kerala,Tamil,Government job
374,Valerie,18,F,Bachelor,electrical,1 years,Technician,Uttar Pradesh,Malayalam,Government job
375,Ashley,19,F,High School,"accounting, plumbing",4 years,Operator,Bihar,English,Government job
376,Brooke,19,F,Bachelor,computer,5 years,Government,Bihar,Tamil,Training
377,Frank,18,M,Master,computer,2 years,Government,Maharashtra,Telugu,Government job
378,Roy,22,F,High School,"wiring, mechanics",5 years,Clerk,Uttar Pradesh,English,Training
379,Sean,19,F,ITI,"electrical, accounting, plumbing",3 years,Clerk,Tamil Nadu,Tamil,Training
380,Joshua,35,F,Diploma,accounting,5 years,Clerk,Tamil Nadu,Malayalam,Training
381,Kimberly,28,F,Bachelor,"mechanics, wiring",4 years,Government,Uttar Pradesh,Tamil,Internship
382,Robert,24,M,High School,"computer, plumbing, mechanics",3 years,Operator,Maharashtra,Hindi,Training
383,Timothy,26,F,Master,accounting,5 years,Clerk,Uttar Pradesh,Telugu,Government job
384,Michael,26,F,Diploma,"plumbing, computer, wiring",0 years,Operator,Bihar,Tamil,Training
385,Brendan,26,M,High School,accounting,0 years,Operator,Kerala,Tamil,Government job
386,Ryan,29,M,High School,"maintenance, electrical, accounting",5 years,Private,Maharashtra,Hindi,Training
387,Jeremy,20,F,Bachelor,plumbing,3 years,Private,Uttar Pradesh,Malayalam,Training
388,Michael,28,M,Diploma,"electrical, plumbing, wiring",0 years,Clerk,Maharashtra,Hindi,Training
389,Jesse,18,M,High School,maintenance,3 years,Technician,Tamil Nadu,Tamil,Training
390,Peggy,22,M,ITI,"computer, maintenance, wiring",1 years,Private,Uttar Pradesh,Malayalam,Government job
391,Edward,21,F,Diploma,"mechanics, plumbing",3 years,Private,Kerala,Tamil,Private job
392,Kristi,33,M,High School,"electrical, mechanics, computer",0 years,Government,Kerala,Tamil,Internship
393,Gavin,30,F,ITI,wiring,2 years,Clerk,Maharashtra,Tamil,Internship
394,Steven,35,F,Master,"mechanics, accounting",1 years,Government,Bihar,Tamil,Internship
395,Dennis,25,F,High School,"mechanics, wiring, computer",4 years,Clerk,Kerala,English,Training
396,Juan,30,F,ITI,"computer, mechanics, maintenance",1 years,Clerk,Maharashtra,Telugu,Government job
397,Michael,22,M,Master,"mechanics, plumbing",2 years,Operator,Bihar,Hindi,Internship
398,Michael,31,F,High School,wiring,4 years,Clerk,Maharashtra,English,Training
399,Brenda,19,M,ITI,"mechanics, accounting, computer",4 years,Technician,Kerala,Telugu,Training
400,Catherine,18,F,High School,"plumbing, computer",5 years,Private,Tamil Nadu,Tamil,Internship
401,Debbie,19,M,Master,"accounting, electrical, plumbing",3 years,Government,Tamil Nadu,Malayalam,Government job
402,Mark,24,M,Master,plumbing,0 years,Clerk,Tamil Nadu,English,Training
403,Michelle,29,M,Diploma,"computer, wiring",0 years,Private,Kerala,Malayalam,Training
404,Jeffrey,32,M,Diploma,"computer, wiring, maintenance",2 years,Government,Maharashtra,Telugu,Private job
405,Jade,29,M,ITI,wiring,3 years,Operator,Maharashtra,Hindi,Internship
406,Robin,34,F,ITI,"wiring, accounting",3 years,Government,Kerala,Hindi,Internship
407,Erica,32,M,Diploma,"accounting, mechanics, computer",0 years,Operator,Kerala,Hindi,Government job
408,Jason,23,F,Diploma,"accounting, electrical",1 years,Technician,Uttar Pradesh,Telugu,Private job
409,Justin,19,M,ITI,"plumbing, electrical, accounting",5 years,Technician,Uttar Pradesh,Hindi,Training
410,Deborah,26,M,Bachelor,"wiring, maintenance",4 years,Clerk,Kerala,Tamil,Internship
411,Brian,30,F,Diploma,electrical,4 years,Technician,Uttar Pradesh,Malayalam,Internship
412,Stanley,32,F,Diploma,"plumbing, electrical, computer",4 years,Private,Bihar,Hindi,Internship
413,Kevin,25,F,High School,electrical,1 years,Technician,Uttar Pradesh,Malayalam,Government job
414,Chad,31,F,ITI,wiring,3 years,Operator,Kerala,Tamil,Internship
415,Austin,31,M,Master,"electrical, maintenance, mechanics",3 years,Government,Maharashtra,Malayalam,Training
416,Daniel,21,M,Master,accounting,3 years,Private,Uttar Pradesh,Malayalam,Training
417,Robert,18,F,Master,"maintenance, mechanics",3 years,Private,Kerala,Malayalam,Training
418,Connie,24,M,Master,mechanics,5 years,Clerk,Maharashtra,English,Government job
419,Michael,27,F,Master,"electrical, mechanics, maintenance",2 years,Clerk,Uttar Pradesh,English,Government job
420,Matthew,27,F,Bachelor,maintenance,4 years,Government,Maharashtra,English,Internship
421,Carlos,22,M,Bachelor,"mechanics, maintenance, electrical",3 years,Technician,Uttar Pradesh,Malayalam,Training
422,Jeffrey,32,F,Master,"wiring, plumbing, mechanics",0 years,Operator,Bihar,Telugu,Government job
423,Ian,18,F,Bachelor,"wiring, mechanics",4 years,Private,Tamil Nadu,English,Training
424,Elizabeth,19,F,Bachelor,"accounting, wiring, electrical",4 years,Technician,Maharashtra,English,Internship
425,Cynthia,27,M,Bachelor,"computer, electrical",1 years,Government,Maharashtra,Tamil,Internship
426,Gregory,35,F,Master,"electrical, accounting, wiring",0 years,Operator,Maharashtra,Tamil,Private job
427,Dwayne,32,M,ITI,"accounting, electrical",2 years,Clerk,Uttar Pradesh,Hindi,Private job
428,Robert,29,M,Bachelor,"maintenance, mechanics",5 years,Operator,Maharashtra,Hindi,Private job
429,Brent,31,F,High School,"mechanics, maintenance",5 years,Technician,Bihar,Telugu,Government job
430,Brendan,34,M,High School,wiring,0 years,Private,Uttar Pradesh,Telugu,Training
431,Cory,22,M,Bachelor,electrical,5 years,Technician,Tamil Nadu,Telugu,Private job
432,Elizabeth,22,M,ITI,"wiring, computer, mechanics",2 years,Clerk,Kerala,Telugu,Government job
433,Sara,32,F,Master,mechanics,3 years,Operator,Uttar Pradesh,English,Training
434,Dawn,33,F,Diploma,maintenance,4 years,Operator,Tamil Nadu,Telugu,Government job
435,Nicole,26,M,ITI,"computer, maintenance",5 years,Government,Tamil Nadu,Malayalam,Private job
436,Joseph,31,M,ITI,maintenance,4 years,Technician,Maharashtra,English,Internship
437,Brendan,26,F,High School,"plumbing, wiring",3 years,Operator,Uttar Pradesh,Hindi,Private job
438,Cindy,23,M,High School,electrical,3 years,Private,Bihar,Malayalam,Private job
439,Maria,32,F,High School,"computer, electrical",5 years,Technician,Maharashtra,Hindi,Private job
440,Marcia,23,M,Diploma,"computer, accounting",2 years,Technician,Maharashtra,Tamil,Internship
441,Michael,35,M,Diploma,maintenance,1 years,Technician,Uttar Pradesh,Telugu,Training
442,Sheila,29,M,Master,maintenance,5 years,Private,Maharashtra,Tamil,Training
443,Andrew,19,F,Master,plumbing,0 years,Technician,Tamil Nadu,Hindi,Internship
444,Robert,27,F,Master,"accounting, plumbing",4 years,Government,Uttar Pradesh,English,Private job
445,Stacy,30,F,Diploma,"wiring, mechanics, maintenance",2 years,Clerk,Maharashtra,Malayalam,Training
446,Travis,35,M,Master,"plumbing, maintenance",5 years,Technician,Bihar,Hindi,Training
447,Sarah,27,M,Bachelor,"plumbing, electrical",1 years,Private,Maharashtra,Tamil,Internship
448,Vanessa,26,M,Master,electrical,3 years,Technician,Kerala,Malayalam,Training
449,Victoria,33,M,Diploma,computer,0 years,Clerk,Tamil Nadu,English,Training
450,Joshua,23,F,High School,"electrical, mechanics",0 years,Government,Kerala,Tamil,Internship
451,Whitney,23,M,Diploma,"plumbing, mechanics",0 years,Operator,Bihar,Telugu,Government job
452,Sara,25,M,Diploma,"accounting, computer, maintenance",0 years,Clerk,Bihar,English,Government job
453,Christopher,32,F,ITI,wiring,5 years,Government,Kerala,Telugu,Internship
454,Autumn,34,F,High School,maintenance,2 years,Government,Maharashtra,English,Government job
455,Ian,19,F,Master,"electrical, computer, plumbing",1 years,Operator,Bihar,Malayalam,Training
456,Jennifer,34,M,Bachelor,mechanics,4 years,Clerk,Bihar,Hindi,Internship
457,Samantha,35,F,Master,plumbing,0 years,Technician,Maharashtra,English,Training
458,Andrea,33,M,Diploma,"accounting, computer, wiring",0 years,Private,Maharashtra,Tamil,Internship
459,Brianna,22,M,Bachelor,computer,4 years,Technician,Tamil Nadu,Telugu,Internship
460,Steve,30,M,Bachelor,"accounting, plumbing, wiring",2 years,Technician,Maharashtra,Malayalam,Private job
461,Kyle,30,F,Master,"wiring, plumbing, accounting",5 years,Government,Uttar Pradesh,Malayalam,Private job
462,Kurt,31,F,Bachelor,wiring,5 years,Clerk,Bihar,Hindi,Internship
463,Anita,20,F,Master,"computer, accounting",1 years,Operator,Uttar Pradesh,Hindi,Internship
464,Elizabeth,34,M,ITI,"electrical, accounting",3 years,Technician,Maharashtra,English,Internship
465,Tracey,27,F,Diploma,"wiring, electrical, maintenance",4 years,Technician,Tamil Nadu,Telugu,Government job
466,Donald,31,M,High School,"computer, mechanics, maintenance",1 years,Government,Kerala,Telugu,Government job
467,Elizabeth,32,F,Bachelor,computer,2 years,Technician,Kerala,Telugu,Training
468,Jennifer,27,M,Master,plumbing,0 years,Private,Uttar Pradesh,Malayalam,Internship
469,Jeffrey,29,M,High School,"maintenance, computer, wiring",3 years,Clerk,Maharashtra,Telugu,Private job
470,Kathy,30,M,Bachelor,accounting,5 years,Clerk,Maharashtra,English,Private job
471,Melinda,35,F,Bachelor,"computer, plumbing",0 years,Operator,Kerala,English,Government job
472,Isaiah,32,F,Diploma,"accounting, wiring",2 years,Clerk,Uttar Pradesh,Telugu,Internship
473,Alexis,19,F,Diploma,"mechanics, computer, maintenance",2 years,Technician,Bihar,Telugu,Internship
474,Tracy,26,M,Master,"maintenance, computer, mechanics",4 years,Clerk,Uttar Pradesh,Tamil,Government job
475,Destiny,28,F,ITI,"computer, mechanics, plumbing",0 years,Technician,Maharashtra,Tamil,Private job
476,Veronica,22,M,Diploma,"mechanics, accounting, computer",0 years,Technician,Uttar Pradesh,English,Government job
477,Paul,34,M,Bachelor,computer,1 years,Government,Kerala,Telugu,Government job
478,Kayla,25,F,High School,electrical,2 years,Clerk,Uttar Pradesh,Telugu,Government job
479,Kenneth,27,F,Master,"plumbing, wiring, mechanics",5 years,Clerk,Maharashtra,Tamil,Training
480,Tiffany,30,F,Bachelor,"accounting, mechanics, maintenance",3 years,Technician,Uttar Pradesh,Tamil,Private job
481,Sandra,33,F,Master,computer,1 years,Clerk,Bihar,English,Training
482,Stephen,19,F,Master,computer,0 years,Private,Bihar,English,Training
483,Charles,35,F,Diploma,"accounting, plumbing",3 years,Private,Kerala,English,Internship
484,Kylie,33,F,ITI,mechanics,1 years,Government,Kerala,Tamil,Internship
485,Christian,31,M,ITI,"wiring, mechanics, maintenance",4 years,Private,Tamil Nadu,English,Internship
486,Allen,25,F,ITI,"electrical, computer",5 years,Private,Kerala,Hindi,Training
487,Lisa,30,F,Diploma,"wiring, maintenance",2 years,Operator,Uttar Pradesh,Malayalam,Training
488,Brooke,20,M,High School,"computer, wiring",0 years,Clerk,Kerala,Malayalam,Government job
489,William,25,M,ITI,"electrical, maintenance, computer",4 years,Operator,Uttar Pradesh,Hindi,Training
490,Emily,32,F,ITI,"wiring, computer, accounting",0 years,Government,Maharashtra,Malayalam,Private job
491,John,23,F,High School,wiring,5 years,Operator,Kerala,English,Training
492,Lauren,21,F,ITI,computer,5 years,Private,Uttar Pradesh,Telugu,Training
493,Tammy,20,M,Bachelor,maintenance,4 years,Operator,Kerala,Tamil,Private job
494,Michael,28,M,ITI,"mechanics, electrical",3 years,Technician,Tamil Nadu,Tamil,Internship
495,John,30,M,Diploma,electrical,3 years,Operator,Kerala,Tamil,Private job
496,Ruben,31,M,ITI,computer,5 years,Private,Uttar Pradesh,Telugu,Training
497,Debra,32,M,Diploma,wiring,2 years,Operator,Uttar Pradesh,Telugu,Government job
498,Gabriela,29,F,High School,"maintenance, electrical",3 years,Government,Bihar,Tamil,Private job
499,Isaac,31,M,Diploma,"plumbing, computer",3 years,Operator,Maharashtra,English,Private job
500,Danielle,24,F,Bachelor,"accounting, electrical, plumbing",5 years,Private,Uttar Pradesh,English,Private job
501,Kimberly,31,F,ITI,maintenance,0 years,Government,Tamil Nadu,Telugu,Government job
502,Timothy,26,F,Master,"maintenance, wiring",5 years,Government,Maharashtra,English,Private job
503,Diane,27,M,Master,"mechanics, accounting",0 years,Government,Uttar Pradesh,Malayalam,Training
504,Michele,34,F,Master,"computer, plumbing, accounting",2 years,Operator,Tamil Nadu,Malayalam,Government job
505,Christopher,21,M,High School,"maintenance, wiring",0 years,Government,Tamil Nadu,English,Government job
506,Jamie,30,F,Master,"accounting, mechanics, computer",3 years,Government,Tamil Nadu,Telugu,Training
507,Jason,21,M,ITI,"computer, plumbing",5 years,Operator,Maharashtra,English,Private job
508,Henry,18,F,ITI,"maintenance, accounting",4 years,Government,Bihar,English,Government job
509,Rachel,25,M,Bachelor,"computer, electrical, wiring",0 years,Government,Bihar,Tamil,Internship
510,Kayla,20,F,Diploma,computer,4 years,Private,Tamil Nadu,Malayalam,Private job
511,Anthony,29,F,Master,"maintenance, mechanics",5 years,Operator,Uttar Pradesh,Malayalam,Private job
512,Danielle,19,M,Diploma,"electrical, maintenance, plumbing",5 years,Technician,Bihar,Hindi,Training
513,Michael,19,F,Master,mechanics,0 years,Private,Kerala,Tamil,Training
514,William,19,F,Bachelor,"wiring, electrical",0 years,Government,Tamil Nadu,Telugu,Government job
515,Jeffrey,18,M,ITI,"wiring, maintenance",1 years,Clerk,Kerala,Telugu,Government job
516,Andrea,32,M,ITI,"mechanics, wiring, maintenance",4 years,Private,Bihar,English,Private job
517,Dean,23,M,ITI,"computer, wiring, electrical",1 years,Private,Maharashtra,Hindi,Private job
518,Michelle,23,F,High School,"electrical, accounting, plumbing",5 years,Government,Maharashtra,Hindi,Training
519,David,26,F,Bachelor,computer,1 years,Government,Maharashtra,English,Internship
520,Kimberly,33,M,Bachelor,electrical,4 years,Private,Bihar,English,Internship
521,Carol,32,M,Diploma,"accounting, maintenance, mechanics",2 years,Clerk,Kerala,Malayalam,Internship
522,Rachel,31,M,ITI,"electrical, wiring",3 years,Private,Bihar,English,Government job
523,Shawn,21,F,High School,"wiring, maintenance",0 years,Private,Uttar Pradesh,Hindi,Private job
524,Jamie,27,M,Bachelor,"computer, wiring",0 years,Private,Tamil Nadu,English,Training
525,John,29,M,Diploma,"mechanics, wiring, electrical",5 years,Private,Tamil Nadu,Hindi,Internship
526,James,18,M,Bachelor,wiring,0 years,Technician,Tamil Nadu,Malayalam,Government job
527,Judith,25,F,ITI,maintenance,3 years,Clerk,Uttar Pradesh,Malayalam,Private job
528,Jonathan,24,M,Diploma,accounting,3 years,Technician,Maharashtra,Malayalam,Government job
529,Tonya,26,M,Diploma,"maintenance, wiring, accounting",0 years,Government,Maharashtra,Telugu,Internship
530,Richard,22,F,Diploma,"maintenance, plumbing, accounting",4 years,Technician,Tamil Nadu,English,Training
531,Diana,18,F,Bachelor,wiring,2 years,Private,Maharashtra,Telugu,Training
532,Timothy,25,M,Master,"electrical, accounting, maintenance",5 years,Private,Uttar Pradesh,English,Private job
533,Kim,31,M,ITI,mechanics,5 years,Private,Tamil Nadu,Malayalam,Private job
534,Shannon,20,M,High School,maintenance,3 years,Technician,Kerala,Tamil,Government job
535,Alicia,18,F,High School,"wiring, computer",2 years,Private,Kerala,Tamil,Private job
536,John,21,M,High School,"mechanics, maintenance",4 years,Operator,Kerala,Hindi,Internship
537,Ariana,31,M,Master,"electrical, wiring, maintenance",3 years,Technician,Tamil Nadu,Tamil,Internship
538,Lisa,18,F,Bachelor,"wiring, computer, maintenance",0 years,Clerk,Tamil Nadu,Tamil,Training
539,Ashley,19,M,High School,"plumbing, maintenance",4 years,Government,Maharashtra,English,Training
540,David,28,F,High School,"accounting, electrical",5 years,Operator,Kerala,Tamil,Government job
541,Christopher,21,M,Master,"wiring, maintenance, computer",0 years,Clerk,Bihar,Tamil,Government job
542,Scott,32,F,Master,"mechanics, maintenance",2 years,Private,Maharashtra,Telugu,Internship
543,Marisa,29,F,Bachelor,accounting,4 years,Clerk,Maharashtra,Tamil,Internship
544,William,31,M,High School,"mechanics, electrical",4 years,Technician,Kerala,English,Training
545,Brittany,23,F,ITI,"wiring, accounting, computer",5 years,Clerk,Uttar Pradesh,Malayalam,Government job
546,Krista,28,F,High School,"plumbing, mechanics, electrical",1 years,Operator,Tamil Nadu,English,Internship
547,David,29,F,High School,"computer, mechanics",5 years,Government,Tamil Nadu,Malayalam,Internship
548,James,19,M,High School,"maintenance, mechanics, plumbing",5 years,Operator,Kerala,Hindi,Private job
549,Heather,24,F,High School,"computer, maintenance, wiring",2 years,Government,Uttar Pradesh,Hindi,Government job
550,David,27,M,Master,computer,4 years,Private,Bihar,Malayalam,Government job
551,Monica,35,M,Master,"computer, plumbing",4 years,Government,Tamil Nadu,Malayalam,Training
552,Billy,28,F,Diploma,plumbing,5 years,Operator,Tamil Nadu,Telugu,Internship
553,Luke,28,F,Master,"maintenance, computer",2 years,Operator,Tamil Nadu,Tamil,Training
554,Victoria,23,M,Diploma,"maintenance, computer",0 years,Private,Bihar,Malayalam,Government job
555,Dana,20,F,Bachelor,wiring,2 years,Clerk,Maharashtra,Malayalam,Private job
556,Kevin,32,M,Bachelor,"accounting, maintenance",2 years,Operator,Tamil Nadu,Telugu,Training
557,Virginia,34,M,Master,mechanics,3 years,Clerk,Uttar Pradesh,Tamil,Internship
558,Mathew,24,F,ITI,"maintenance, computer",5 years,Operator,Tamil Nadu,Hindi,Private job
559,David,30,M,Master,"plumbing, accounting",0 years,Private,Tamil Nadu,Telugu,Private job
560,Krista,22,M,High School,plumbing,0 years,Operator,Kerala,Malayalam,Internship
561,Ashley,28,F,ITI,"plumbing, accounting, maintenance",1 years,Clerk,Kerala,Tamil,Internship
562,Sarah,24,F,Bachelor,"plumbing, accounting",4 years,Private,Bihar,Telugu,Private job
563,Marissa,27,F,Bachelor,plumbing,3 years,Clerk,Kerala,Tamil,Private job
564,Jonathon,34,F,Bachelor,"wiring, plumbing, mechanics",3 years,Operator,Maharashtra,English,Private job
565,Marie,18,M,ITI,computer,5 years,Technician,Kerala,Malayalam,Private job
566,Shaun,34,F,ITI,mechanics,0 years,Private,Maharashtra,Tamil,Internship
567,Suzanne,20,F,Master,"accounting, electrical, wiring",3 years,Government,Kerala,Telugu,Training
568,Alyssa,26,M,Master,"mechanics, maintenance, plumbing",4 years,Clerk,Maharashtra,Hindi,Government job
569,John,25,M,ITI,accounting,1 years,Private,Kerala,Tamil,Private job
570,Steven,20,M,High School,"plumbing, accounting",5 years,Technician,Uttar Pradesh,English,Government job
571,Raven,24,M,Bachelor,computer,0 years,Clerk,Bihar,Telugu,Internship
572,James,28,M,Master,"accounting, electrical, plumbing",4 years,Operator,Maharashtra,English,Government job
573,Anthony,29,F,Diploma,"mechanics, maintenance",0 years,Clerk,Maharashtra,Malayalam,Government job
574,Daniel,24,M,High School,"maintenance, accounting",3 years,Clerk,Maharashtra,English,Internship
575,Sara,31,F,ITI,wiring,3 years,Clerk,Bihar,Tamil,Training
576,Michael,29,F,Diploma,"computer, electrical, accounting",4 years,Private,Uttar Pradesh,Tamil,Internship
577,David,33,M,Bachelor,wiring,5 years,Operator,Maharashtra,Tamil,Government job
578,Rachel,32,M,High School,plumbing,4 years,Private,Kerala,Tamil,Government job
579,Jennifer,19,F,Diploma,"accounting, plumbing",3 years,Clerk,Maharashtra,Tamil,Internship
580,Patrick,25,F,ITI,accounting,1 years,Technician,Maharashtra,Telugu,Government job
581,Julia,31,M,Diploma,"plumbing, wiring, maintenance",5 years,Private,Tamil Nadu,Malayalam,Private job
582,Manuel,35,M,Master,"wiring, maintenance, electrical",4 years,Private,Maharashtra,Tamil,Private job
583,James,27,F,Master,mechanics,2 years,Operator,Maharashtra,Telugu,Government job
584,Randy,19,M,ITI,"accounting, maintenance, wiring",5 years,Clerk,Kerala,Tamil,Government job
585,Jamie,22,F,ITI,"plumbing, computer, electrical",0 years,Operator,Maharashtra,Tamil,Government job
586,Patricia,26,F,Diploma,"wiring, plumbing",5 years,Private,Kerala,Malayalam,Government job
587,Dan,29,M,Master,"wiring, plumbing, maintenance",5 years,Clerk,Uttar Pradesh,Malayalam,Training
588,Samantha,20,M,Diploma,plumbing,0 years,Operator,Bihar,English,Government job
589,Clifford,30,F,High School,"maintenance, wiring",1 years,Clerk,Tamil Nadu,English,Training
590,Deanna,24,M,High School,"maintenance, wiring, accounting",5 years,Technician,Uttar Pradesh,Tamil,Internship
591,Lori,19,F,High School,electrical,5 years,Government,Uttar Pradesh,Tamil,Training
592,Ashley,22,F,Diploma,"accounting, maintenance",0 years,Operator,Kerala,Tamil,Training
593,Megan,21,F,Diploma,electrical,1 years,Operator,Uttar Pradesh,Malayalam,Internship
594,David,21,F,Diploma,"computer, mechanics, accounting",3 years,Government,Uttar Pradesh,Malayalam,Training
595,Christina,26,F,Master,"electrical, maintenance",1 years,Clerk,Maharashtra,Tamil,Private job
596,Crystal,32,F,Master,mechanics,5 years,Operator,Maharashtra,English,Training
597,Jonathan,29,M,High School,wiring,4 years,Government,Bihar,English,Internship
598,Kimberly,19,F,High School,accounting,0 years,Clerk,Uttar Pradesh,Tamil,Internship
599,Benjamin,23,F,High School,"accounting, computer, wiring",1 years,Private,Bihar,English,Training
600,Candice,27,M,High School,"mechanics, accounting",2 years,Government,Kerala,Malayalam,Internship
601,James,27,M,Bachelor,computer,4 years,Technician,Bihar,Telugu,Training
602,Glenn,29,F,Bachelor,"accounting, wiring, electrical",4 years,Private,Tamil Nadu,Telugu,Private job
603,Kevin,35,M,Bachelor,maintenance,5 years,Private,Bihar,English,Private job
604,Angela,29,F,ITI,"electrical, plumbing",3 years,Technician,Tamil Nadu,Malayalam,Internship
605,Nicholas,26,F,High School,electrical,0 years,Technician,Uttar Pradesh,Malayalam,Training
606,Susan,19,M,High School,"computer, mechanics",0 years,Operator,Kerala,Telugu,Private job
607,Haley,18,M,ITI,"maintenance, plumbing, accounting",3 years,Government,Tamil Nadu,Tamil,Government job
608,Brittany,34,M,Bachelor,"accounting, mechanics, computer",4 years,Technician,Kerala,Tamil,Government job
609,Jennifer,35,F,Diploma,"accounting, maintenance",5 years,Clerk,Uttar Pradesh,English,Government job
610,Angelica,27,M,Bachelor,computer,0 years,Operator,Tamil Nadu,Hindi,Internship
611,Martin,31,M,Bachelor,"wiring, maintenance",4 years,Operator,Kerala,Tamil,Private job
612,Dakota,35,F,High School,computer,4 years,Technician,Tamil Nadu,Tamil,Training
613,Patricia,33,F,High School,"accounting, wiring, plumbing",1 years,Private,Maharashtra,Malayalam,Training
614,Michelle,23,F,High School,wiring,0 years,Operator,Uttar Pradesh,English,Training
615,Janet,35,M,Diploma,"wiring, mechanics",2 years,Private,Uttar Pradesh,English,Government job
616,Eric,25,F,Master,"plumbing, wiring",3 years,Government,Uttar Pradesh,Hindi,Government job
617,James,29,F,Master,"plumbing, computer",4 years,Operator,Tamil Nadu,English,Private job
618,Adam,21,M,Master,"wiring, electrical",4 years,Clerk,Maharashtra,Telugu,Private job
619,Robert,30,F,Master,plumbing,4 years,Clerk,Uttar Pradesh,Hindi,Internship
620,Robert,24,M,ITI,"accounting, maintenance, mechanics",5 years,Technician,Kerala,English,Government job
621,Christopher,31,M,High School,"wiring, computer, accounting",2 years,Technician,Maharashtra,Malayalam,Government job
622,Daniel,22,M,Master,wiring,4 years,Technician,Maharashtra,Hindi,Government job
623,Joseph,32,M,Bachelor,"accounting, mechanics",3 years,Clerk,Bihar,Malayalam,Private job
624,Jonathon,29,F,ITI,"accounting, electrical",4 years,Clerk,Maharashtra,Tamil,Training
625,Rachel,24,F,Diploma,plumbing,3 years,Operator,Maharashtra,Hindi,Training
626,Lisa,23,F,Master,"mechanics, wiring, computer",1 years,Clerk,Bihar,English,Training
627,Antonio,28,M,Bachelor,"mechanics, accounting",3 years,Operator,Kerala,Malayalam,Internship
628,Peter,34,F,Bachelor,"mechanics, maintenance",3 years,Government,Tamil Nadu,Hindi,Internship
629,Joshua,33,M,ITI,"computer, plumbing, electrical",5 years,Private,Kerala,Telugu,Training
630,Joshua,22,F,Master,plumbing,1 years,Government,Uttar Pradesh,Hindi,Private job
631,Taylor,34,F,Diploma,"maintenance, plumbing",3 years,Technician,Uttar Pradesh,Malayalam,Private job
632,Catherine,25,M,Master,"accounting, wiring",0 years,Government,Bihar,Hindi,Private job
633,Lance,34,M,Diploma,computer,3 years,Technician,Tamil Nadu,Telugu,Government job
634,Donna,31,M,Master,"accounting, computer, electrical",2 years,Technician,Bihar,Malayalam,Training
635,Joseph,27,F,ITI,"wiring, mechanics, computer",3 years,Clerk,Tamil Nadu,Malayalam,Internship
636,Jenny,18,F,Bachelor,computer,4 years,Government,Maharashtra,English,Internship
637,Eric,22,M,High School,"plumbing, accounting, wiring",3 years,Operator,Bihar,English,Training
638,Jesus,19,F,High School,wiring,1 years,Technician,Tamil Nadu,Telugu,Private job
639,Pamela,29,M,High School,"plumbing, computer, accounting",5 years,Private,Uttar Pradesh,English,Training
640,Michele,34,M,High School,"wiring, maintenance",2 years,Government,Maharashtra,Hindi,Internship
641,Alex,25,F,Master,"wiring, mechanics, computer",0 years,Operator,Tamil Nadu,Malayalam,Government job
642,Evan,30,F,Master,plumbing,5 years,Technician,Uttar Pradesh,Telugu,Private job
643,Robert,23,M,Master,"maintenance, accounting",1 years,Operator,Uttar Pradesh,English,Training
644,Shawn,34,F,Bachelor,plumbing,1 years,Technician,Maharashtra,English,Private job
645,Marcus,23,M,Bachelor,"maintenance, accounting, plumbing",0 years,Operator,Tamil Nadu,Hindi,Training
646,Derek,35,F,High School,accounting,5 years,Private,Maharashtra,English,Government job
647,Deborah,20,M,Diploma,"computer, mechanics",2 years,Technician,Maharashtra,Telugu,Private job
648,John,35,M,High School,"plumbing, maintenance",3 years,Technician,Tamil Nadu,English,Private job
649,Matthew,23,M,High School,mechanics,3 years,Private,Maharashtra,Hindi,Internship
650,Emily,29,F,Bachelor,"computer, electrical, mechanics",4 years,Private,Kerala,Hindi,Internship
651,Olivia,24,M,Diploma,"plumbing, accounting",4 years,Clerk,Bihar,Malayalam,Internship
652,Jacob,31,F,Master,"accounting, electrical, computer",4 years,Technician,Tamil Nadu,Telugu,Government job
653,Brenda,24,M,High School,"mechanics, computer, electrical",1 years,Private,Maharashtra,Malayalam,Private job
654,Stephen,19,F,ITI,mechanics,4 years,Operator,Uttar Pradesh,Telugu,Private job
655,Matthew,29,F,ITI,"plumbing, computer, accounting",3 years,Clerk,Maharashtra,Hindi,Government job
656,James,20,M,Bachelor,"accounting, wiring",3 years,Clerk,Maharashtra,Tamil,Private job
657,Justin,32,M,ITI,accounting,4 years,Clerk,Maharashtra,Telugu,Private job
658,Adam,24,M,High School,"plumbing, electrical",0 years,Government,Maharashtra,Telugu,Government job
659,Leslie,22,F,ITI,"computer, plumbing, maintenance",4 years,Operator,Bihar,Hindi,Internship
660,Pamela,29,F,Diploma,plumbing,3 years,Government,Uttar Pradesh,Tamil,Private job
661,Ashley,23,M,ITI,"maintenance, wiring",2 years,Government,Uttar Pradesh,Tamil,Training
662,Matthew,25,F,ITI,"computer, mechanics",0 years,Government,Uttar Pradesh,Telugu,Training
663,Rhonda,29,F,Bachelor,"computer, plumbing, wiring",2 years,Government,Kerala,Hindi,Government job
664,Laura,23,F,Bachelor,computer,3 years,Technician,Bihar,Hindi,Private job
665,Chelsea,19,M,Bachelor,"computer, mechanics",4 years,Operator,Tamil Nadu,Hindi,Training
666,Charles,26,F,Master,"maintenance, electrical, plumbing",1 years,Private,Maharashtra,Telugu,Private job
667,Anna,33,M,Diploma,maintenance,5 years,Private,Tamil Nadu,English,Training
668,Kristopher,34,M,Bachelor,"mechanics, electrical",5 years,Government,Bihar,English,Government job
669,Ryan,20,M,Diploma,"electrical, maintenance, computer",5 years,Private,Bihar,Telugu,Training
670,Lance,29,M,Bachelor,"accounting, electrical",2 years,Technician,Maharashtra,English,Government job
671,Aaron,25,M,ITI,"accounting, electrical",1 years,Operator,Kerala,Tamil,Internship
672,James,24,M,Bachelor,"electrical, wiring",2 years,Government,Bihar,Malayalam,Private job
673,Samuel,22,F,Master,wiring,0 years,Clerk,Uttar Pradesh,Hindi,Government job
674,Teresa,29,F,Diploma,electrical,5 years,Operator,Bihar,Malayalam,Training
675,Thomas,35,F,Master,"electrical, accounting, plumbing",2 years,Operator,Maharashtra,Hindi,Private job
676,Emily,19,F,Bachelor,"wiring, mechanics, computer",3 years,Technician,Tamil Nadu,English,Private job
677,Scott,22,M,Master,wiring,3 years,Technician,Tamil Nadu,Malayalam,Government job
678,Kristopher,24,M,Master,"mechanics, accounting, plumbing",4 years,Clerk,Maharashtra,Telugu,Internship
679,Brenda,23,F,Diploma,electrical,2 years,Clerk,Kerala,Telugu,Private job
680,Jessica,30,M,High School,"wiring, electrical",4 years,Government,Tamil Nadu,Tamil,Private job
681,Lisa,18,F,High School,"maintenance, accounting",5 years,Government,Tamil Nadu,Telugu,Private job
682,Gary,35,F,Master,"plumbing, accounting, mechanics",2 years,Government,Kerala,Telugu,Private job
683,Amanda,28,F,Diploma,mechanics,2 years,Private,Maharashtra,Tamil,Government job
684,Samuel,26,M,ITI,"maintenance, wiring",3 years,Clerk,Tamil Nadu,Malayalam,Internship
685,Steven,23,M,High School,computer,5 years,Government,Kerala,English,Government job
686,Kristen,18,F,Bachelor,"maintenance, wiring, electrical",3 years,Operator,Kerala,Hindi,Internship
687,Christine,29,M,Master,plumbing,0 years,Technician,Kerala,Tamil,Private job
688,Victoria,30,F,Master,accounting,3 years,Technician,Tamil Nadu,English,Internship
689,Paul,26,M,Diploma,"computer, mechanics",3 years,Government,Kerala,Malayalam,Training
690,Alvin,20,F,Diploma,computer,5 years,Government,Uttar Pradesh,Tamil,Training
691,Andrea,25,F,Master,"maintenance, accounting",3 years,Clerk,Uttar Pradesh,Malayalam,Government job
692,James,32,F,ITI,"maintenance, mechanics, wiring",5 years,Government,Kerala,Hindi,Government job
693,Rebecca,19,M,Master,computer,3 years,Clerk,Uttar Pradesh,Tamil,Private job
694,Austin,33,F,High School,"accounting, plumbing, mechanics",1 years,Technician,Maharashtra,Malayalam,Government job
695,Hannah,27,F,Bachelor,mechanics,4 years,Private,Kerala,Telugu,Private job
696,Alicia,33,F,Bachelor,"electrical, accounting",5 years,Clerk,Bihar,English,Internship
697,Curtis,30,M,Diploma,wiring,0 years,Government,Kerala,Malayalam,Private job
698,Katrina,35,F,Bachelor,"mechanics, computer",0 years,Operator,Maharashtra,English,Training
699,Susan,29,F,ITI,"mechanics, wiring",0 years,Government,Tamil Nadu,Hindi,Private job
700,Heather,22,M,High School,"accounting, mechanics",5 years,Private,Kerala,Malayalam,Private job
701,Vanessa,22,F,Bachelor,"accounting, wiring",1 years,Operator,Kerala,Tamil,Private job
702,Brian,25,F,Master,"wiring, computer, plumbing",2 years,Operator,Maharashtra,Malayalam,Training
703,Jacob,30,F,ITI,"wiring, mechanics, maintenance",4 years,Private,Uttar Pradesh,Telugu,Government job
704,Luis,35,F,ITI,computer,0 years,Technician,Maharashtra,Telugu,Private job
705,Kimberly,18,F,ITI,accounting,2 years,Operator,Kerala,Hindi,Private job
706,Jeffrey,26,M,Master,"wiring, plumbing",4 years,Government,Uttar Pradesh,Malayalam,Training
707,Crystal,19,F,Diploma,"computer, accounting, wiring",2 years,Technician,Maharashtra,Telugu,Internship
708,Justin,32,F,High School,"computer, accounting, mechanics",3 years,Private,Bihar,Malayalam,Internship
709,Michael,30,F,Master,"electrical, computer, accounting",4 years,Government,Kerala,Hindi,Government job
710,Adrian,26,F,Bachelor,"mechanics, plumbing, computer",1 years,Government,Kerala,Hindi,Training
711,Karen,27,M,Bachelor,"mechanics, accounting",5 years,Government,Bihar,Hindi,Training
712,Victoria,24,M,Bachelor,"computer, maintenance",5 years,Technician,Bihar,Hindi,Private job
713,Gabrielle,24,M,ITI,"wiring, computer, mechanics",1 years,Clerk,Maharashtra,Malayalam,Private job
714,Jeffrey,23,M,Master,"electrical, mechanics",5 years,Technician,Kerala,Telugu,Private job
715,Shelby,21,F,ITI,"wiring, plumbing, computer",2 years,Technician,Tamil Nadu,Telugu,Government job
716,Walter,31,F,Diploma,"mechanics, computer",4 years,Operator,Tamil Nadu,Hindi,Internship
717,Jacob,22,M,ITI,maintenance,3 years,Technician,Maharashtra,English,Training
718,Stacey,34,M,High School,"plumbing, electrical, maintenance",0 years,Clerk,Tamil Nadu,Malayalam,Private job
719,Deanna,28,M,High School,"wiring, maintenance",3 years,Government,Tamil Nadu,Malayalam,Government job
720,Julie,28,F,Bachelor,computer,2 years,Operator,Kerala,Telugu,Private job
721,Pamela,20,F,Diploma,"plumbing, mechanics, wiring",1 years,Clerk,Maharashtra,Malayalam,Training
722,Michael,22,F,Bachelor,"maintenance, electrical, plumbing",3 years,Government,Maharashtra,English,Training
723,Roger,34,F,Diploma,"plumbing, mechanics, computer",2 years,Government,Maharashtra,Hindi,Government job
724,Patrick,35,M,Bachelor,"electrical, maintenance, mechanics",3 years,Operator,Bihar,Tamil,Private job
725,Joyce,31,F,ITI,mechanics,1 years,Operator,Tamil Nadu,English,Training
726,Nicholas,34,M,Bachelor,"wiring, maintenance, accounting",1 years,Operator,Bihar,English,Government job
727,Jessica,26,M,Diploma,plumbing,5 years,Government,Bihar,Malayalam,Government job
728,Darren,23,M,Diploma,mechanics,5 years,Government,Kerala,Hindi,Internship
729,Sarah,30,M,ITI,wiring,2 years,Technician,Kerala,English,Private job
730,Diana,35,M,ITI,"mechanics, electrical",1 years,Clerk,Maharashtra,Hindi,Private job
731,Jennifer,23,F,Bachelor,"accounting, wiring",3 years,Government,Uttar Pradesh,Tamil,Private job
732,Shannon,19,F,High School,"wiring, accounting",1 years,Private,Kerala,Malayalam,Government job
733,Mark,29,M,Diploma,"plumbing, wiring",1 years,Technician,Maharashtra,Telugu,Private job
734,Rita,28,M,Master,wiring,4 years,Clerk,Maharashtra,Hindi,Internship
735,Jennifer,18,M,Bachelor,"computer, electrical",4 years,Government,Uttar Pradesh,English,Private job
736,Michael,27,F,Master,"wiring, electrical, maintenance",1 years,Technician,Kerala,Hindi,Training
737,Jeffrey,29,F,Diploma,wiring,0 years,Operator,Tamil Nadu,Hindi,Private job
738,Alicia,19,M,ITI,computer,5 years,Private,Tamil Nadu,Telugu,Training
739,Karen,19,F,ITI,"computer, mechanics",2 years,Technician,Maharashtra,Tamil,Training
740,Brian,18,F,Diploma,"wiring, computer, accounting",5 years,Technician,Tamil Nadu,Telugu,Training
741,Tyler,18,M,Diploma,maintenance,2 years,Operator,Uttar Pradesh,Tamil,Training
742,Raymond,20,M,Master,"computer, wiring",0 years,Operator,Maharashtra,Tamil,Internship
743,Andrew,21,M,Bachelor,electrical,0 years,Operator,Maharashtra,Malayalam,Private job
744,Tina,32,M,Diploma,"computer, maintenance",2 years,Clerk,Kerala,Hindi,Government job
745,Veronica,18,M,High School,"maintenance, electrical, plumbing",0 years,Technician,Uttar Pradesh,Hindi,Private job
746,Chad,35,F,ITI,mechanics,2 years,Technician,Tamil Nadu,Malayalam,Government job
747,Nathan,27,F,Master,"wiring, mechanics",0 years,Private,Maharashtra,Malayalam,Internship
748,Anthony,31,F,Master,"accounting, electrical",5 years,Operator,Tamil Nadu,English,Training
749,Angela,18,F,ITI,"wiring, plumbing, accounting",3 years,Private,Maharashtra,Malayalam,Training
750,Krista,23,F,Bachelor,"computer, wiring",4 years,Clerk,Kerala,Malayalam,Private job
751,Tracy,21,F,High School,"accounting, plumbing",5 years,Government,Uttar Pradesh,Telugu,Government job
752,Adam,21,F,Bachelor,"mechanics, electrical, wiring",2 years,Government,Bihar,Malayalam,Training
753,Eric,26,M,High School,accounting,2 years,Technician,Bihar,Hindi,Internship
754,Elizabeth,21,M,Diploma,"electrical, wiring, maintenance",3 years,Clerk,Bihar,English,Private job
755,Angela,32,M,Bachelor,"computer, electrical, maintenance",5 years,Clerk,Bihar,Hindi,Training
756,Erik,26,F,Bachelor,plumbing,2 years,Private,Bihar,Tamil,Government job
757,Alison,19,M,Diploma,"mechanics, maintenance, electrical",5 years,Private,Tamil Nadu,Hindi,Government job
758,Megan,24,M,Bachelor,"maintenance, mechanics, accounting",2 years,Technician,Uttar Pradesh,English,Government job
759,Donald,19,M,Diploma,"accounting, computer",5 years,Clerk,Bihar,Telugu,Government job
760,Richard,34,M,Diploma,"maintenance, plumbing",1 years,Operator,Kerala,Malayalam,Internship
761,Thomas,35,F,Bachelor,wiring,2 years,Technician,Kerala,Tamil,Training
762,Joshua,34,M,Bachelor,"mechanics, computer, maintenance",4 years,Technician,Uttar Pradesh,Tamil,Training
763,Jacob,25,M,Master,"maintenance, accounting",1 years,Private,Maharashtra,Hindi,Private job
764,Julie,19,F,Diploma,electrical,2 years,Operator,Tamil Nadu,Malayalam,Private job
765,Rachel,29,F,Diploma,"electrical, maintenance, computer",2 years,Technician,Maharashtra,Hindi,Government job
766,Brian,22,M,Bachelor,accounting,0 years,Operator,Uttar Pradesh,Malayalam,Government job
767,Monica,24,F,Diploma,"electrical, mechanics",3 years,Operator,Uttar Pradesh,Hindi,Government job
768,Kyle,27,M,High School,accounting,1 years,Private,Tamil Nadu,Telugu,Government job
769,Ralph,18,M,Diploma,maintenance,2 years,Technician,Uttar Pradesh,Telugu,Internship
770,Michael,23,M,Master,"mechanics, electrical, maintenance",0 years,Operator,Tamil Nadu,Hindi,Training
771,Shelby,31,F,Diploma,"plumbing, electrical",1 years,Clerk,Uttar Pradesh,Tamil,Internship
772,Kenneth,32,M,High School,"plumbing, maintenance",2 years,Clerk,Maharashtra,Tamil,Training
773,Dana,21,M,High School,"wiring, computer",1 years,Government,Tamil Nadu,Tamil,Training
774,Brian,31,M,ITI,maintenance,4 years,Technician,Tamil Nadu,Hindi,Private job
775,Laura,18,F,Master,"plumbing, wiring, electrical",2 years,Private,Uttar Pradesh,Tamil,Government job
776,Kathleen,35,F,Master,computer,5 years,Private,Tamil Nadu,English,Internship
777,Rebekah,28,F,Diploma,"mechanics, maintenance, plumbing",5 years,Clerk,Kerala,Hindi,Training
778,Leonard,27,F,Diploma,electrical,5 years,Private,Kerala,Tamil,Internship
779,Joshua,23,F,ITI,electrical,3 years,Technician,Tamil Nadu,Tamil,Private job
780,Amanda,22,M,ITI,accounting,3 years,Clerk,Uttar Pradesh,Hindi,Private job
781,Carol,30,F,Master,"computer, wiring",3 years,Government,Kerala,English,Private job
782,Shannon,35,M,Bachelor,"plumbing, electrical",1 years,Technician,Bihar,Tamil,Internship
783,Ronald,33,F,Bachelor,"plumbing, electrical, mechanics",5 years,Technician,Uttar Pradesh,Telugu,Private job
784,Mallory,29,F,ITI,mechanics,1 years,Private,Tamil Nadu,Tamil,Private job
785,Scott,20,F,Master,"wiring, mechanics",2 years,Technician,Uttar Pradesh,Hindi,Internship
786,Jennifer,20,M,High School,"accounting, mechanics, electrical",0 years,Private,Bihar,English,Private job
787,Nicole,35,M,ITI,plumbing,3 years,Private,Uttar Pradesh,English,Training
788,Erin,33,M,Master,"maintenance, plumbing, wiring",0 years,Private,Uttar Pradesh,Hindi,Internship
789,Brittany,27,M,Bachelor,"wiring, plumbing, electrical",2 years,Technician,Kerala,English,Training
790,James,18,M,ITI,"computer, electrical, wiring",4 years,Clerk,Bihar,English,Internship
791,Vanessa,31,F,ITI,"wiring, plumbing, mechanics",5 years,Government,Kerala,Telugu,Internship
792,Wendy,33,M,Master,computer,0 years,Government,Bihar,Tamil,Internship
793,Amy,25,M,ITI,"wiring, maintenance, mechanics",1 years,Operator,Maharashtra,Telugu,Government job
794,Patricia,28,F,High School,computer,5 years,Operator,Uttar Pradesh,Hindi,Internship
795,Robin,27,M,Master,"computer, accounting, electrical",1 years,Clerk,Uttar Pradesh,Tamil,Training
796,Javier,29,M,Diploma,"electrical, maintenance, accounting",0 years,Technician,Bihar,Hindi,Government job
797,William,32,M,High School,maintenance,0 years,Operator,Bihar,English,Training
798,Matthew,18,F,High School,computer,1 years,Clerk,Uttar Pradesh,English,Government job
799,Eric,30,F,High School,"accounting, computer",4 years,Technician,Kerala,Tamil,Internship
800,Michael,35,F,Diploma,electrical,4 years,Private,Maharashtra,Malayalam,Private job
